Name,Trade,Phone,Email,City
Walker Roofing,Roofing,(612) 729-2325,,Minneapolis MN
Bob & Sons Roofing,Roofing,(612) 920-1251,,Minneapolis MN
Storm Group Roofing,Roofing,(612) 559-2449,stormgrouproofing@gmail.com,Minneapolis MN
Amore Construction LLC,Roofing,(612) 212-0042,,Minneapolis MN
Snap Construction,Roofing,(612) 333-7627,,Minneapolis MN
Bonfe Exteriors,Roofing,(651) 300-3201,info@bonfeexteriors.com,Little Canada MN
D.S. Bahr Construction Inc.,Roofing,(612) 722-1448,,Minneapolis MN
Standard Heating & Air Conditioning,HVAC,(612) 255-4387,,Minneapolis MN
Endless Quality And Comfort,HVAC,(612) 226-5855,,Minneapolis MN
Midwest Heating & Cooling,HVAC,(952) 451-5960,,Minneapolis MN
RTS Mechanical LLC,HVAC,(763) 478-2441,,Hamel MN
Residential Heating and Air Conditioning,HVAC,(612) 724-1899,,Minneapolis MN
Binder Heat and Air,HVAC,(651) 457-8781,,South St. Paul MN
Altemp Mechanical Inc.,HVAC,(651) 275-9111,,Maplewood MN
Abel Heating & Cooling,HVAC,(952) 472-2665,,Minnetrista MN
Sedgwick Heating & Air Conditioning,HVAC,(952) 881-9000,info@sedgwickheating.com,Eagan MN
PipeRight Plumbing Inc.,Plumbing,(612) 598-8106,,Saint Anthony MN
Huber Plumbing Company,Plumbing,(763) 231-0295,mackenzie@huberplumbing.com,New Hope MN
Fish Plumbing & Utilities,Plumbing,(651) 300-1765,,Minneapolis MN
Kelly Plumbing & Heating,Plumbing,(651) 699-1232,,Saint Paul MN
Weld & Sons Plumbing,Plumbing,(763) 475-0296,info@weldandsons.com,New Hope MN
Soderlin Plumbing Heating & Air,Plumbing,(612) 721-4080,,Minneapolis MN
Erik Nelson Plumbing LLC,Plumbing,(612) 242-6483,info@eriknelsonplumbing.com,Minneapolis MN
Hero Plumbing Heating & Cooling,Plumbing,(612) 324-1004,,Minneapolis MN
Affordable Electric of Twin Cities,Electrical,(612) 331-8658,info@affordable-electric.com,Brooklyn Park MN
Bright Side Electric,Electrical,(763) 515-6671,info@brightsideelectric.com,Elk River MN
Carter Electric Inc.,Electrical,(763) 486-7616,brandon@carterelectricinc.net,Minneapolis MN
Stinson Electric Inc.,Electrical,(612) 788-0244,,Minneapolis MN
Nordeast Electric,Electrical,(763) 789-4800,,Minneapolis MN
Randy's Electric,Electrical,(612) 470-0914,randy@randyselectric.com,Minneapolis MN
Local Roots Landscapers,Landscaping,(612) 440-0551,hello@localrootslandscapers.com,Minneapolis MN
Minnehaha Falls Landscaping,Landscaping,(612) 724-5454,info@minnehahafallslandscape.com,Minneapolis MN
Dean Bjorkstrand Landscaping,Landscaping,(612) 861-3919,,Minneapolis MN
Phillips Garden,Landscaping,(612) 721-1221,info@phillipsgarden.com,Minneapolis MN
Stone Arch Landscapes,Landscaping,(612) 850-0253,info@stonearchlandscapes.com,Minneapolis MN
KG Landscape Management,Landscaping,(763) 568-7251,info@kglandscape.com,Minneapolis MN
B.E. Landscape Designs LLC,Landscaping,(612) 382-0902,ben@belanddesigns.com,Minneapolis MN
Arvold Landscaping & Design,Landscaping,(612) 710-7211,nathan@arvoldlandscaping.com,Minneapolis MN
Landscape Complete LLC,Landscaping,(612) 490-4500,,Minneapolis MN
LandCraft,Landscaping,(612) 834-8481,info@landcraft.biz,Minneapolis MN
Southview Design,Landscaping,(651) 203-3000,jschimmelpfenning@southviewdesign.com,St. Paul MN
Dream To Reality Landscape Inc.,Landscaping,(612) 225-8753,,Minneapolis MN
Red Fox Remodeling,Remodeling,(612) 208-2794,info@redfoxremodeling.com,Minneapolis MN
A to Z Remodelers & Builders,Remodeling,(952) 426-4444,info@atozmn.com,Apple Valley MN
Hanson Design Build Remodel,Remodeling,(612) 655-4961,info@hansonremodeling.com,Minneapolis MN
Riverbend Renovation,Remodeling,(651) 829-9339,jackarvidson@gmail.com,Hastings MN
Stonehearth Remodeling,Remodeling,(763) 427-7330,,Coon Rapids MN
Beissel Renovation,Remodeling,(651) 788-9082,info@beisselhome.com,West St. Paul MN
K2 Bath Kitchen and Deck Remodeling,Remodeling,(952) 200-8375,,Minneapolis MN
Hammer and Grain Home Services LLC,Remodeling,(612) 562-9816,,Shakopee MN
